"","Estimate","Std. Error","t value","Pr(>|t|)"
"(Intercept)",-203.458789430607,1.74145584122042,-116.832586055138,1.88714456647041e-41
"share_impervious_100",-3.72737810095687,0.661041756793728,-5.63864243468657,3.84264459656862e-06
"mean_UHI_100",-89.4271752592676,0.95187574068275,-93.9483710291055,1.2837733176538e-38
"Mean_local_UHI_total",-81.3253365198147,0.756877696343255,-107.448451596244,2.31311666184108e-40
"Mean_veg_height",32.6837663907718,0.40224678332106,81.2530211451927,9.83518161082445e-37
"Mean_veg_herb",-51.6234154813565,0.503652496140029,-102.498083255808,9.48663502318232e-40
"(Intercept)1",2.20914174220585,0.312190436011722,7.07626335523904,7.21746365473148e-08
"share_impervious_1001",-0.112563264966707,0.353718546596233,-0.318228337331707,0.752516539264532
"mean_UHI_1001",-0.194070989826895,0.351741089610267,-0.551743869452181,0.585210749092654
"Mean_local_UHI_total1",-0.608607364637346,0.352317593810477,-1.72743960372508,0.0943724165938212
"Mean_veg_height1",-0.111115756716984,0.290592272020983,-0.382376846927852,0.704877472514058
"Mean_veg_herb1",0.350379582212395,0.370527446715165,0.945623827110822,0.351895113600686
"(Intercept)2",-4.9838451986065,2.14289663318585,-2.32575156515926,0.0269795217400107
"share_impervious_1002",-0.368270955900428,0.705185787650289,-0.522232527016069,0.605343611261169
"mean_UHI_1002",1.85732144788067,0.821024473081064,2.2621998597809,0.031088755181636
"Mean_local_UHI_total2",-4.38551317402797,1.82290229040508,-2.40578619990292,0.0225073344281555
"Mean_veg_height2",-1.7312854324277,1.18584753884034,-1.45995617119614,0.15469575695087
"Mean_veg_herb2",1.89066229379845,1.46969821847836,1.28642892127605,0.208132888513633
"(Intercept)3",2.03848761455633,0.159141352189659,12.8092892671097,1.07387202378108e-13
"share_impervious_1003",-0.365084146581552,0.221456670111093,-1.64855791608539,0.109673142904649
"mean_UHI_1003",-0.236149712765121,0.197111516366347,-1.19805132200504,0.240276734911391
"Mean_local_UHI_total3",0.101674199608809,0.197842378750924,0.513915169493654,0.611076172548795
"Mean_veg_height3",-0.0708634938317131,0.158386252311097,-0.447409372958238,0.657793411269288
"Mean_veg_herb3",0.581846360434705,0.220515771492129,2.6385702777521,0.0130731701602665
"(Intercept)4",-0.298885213363666,0.513050294325795,-0.582565133807075,0.564539436406632
"share_impervious_1004",-0.111296880646705,0.483572882092509,-0.23015533907754,0.819533264775591
"mean_UHI_1004",-0.506557852877861,0.571330550961248,-0.886628331052123,0.38233172963982
"Mean_local_UHI_total4",1.09488434951401,0.607668454136337,1.80177914792391,0.0816383084397805
"Mean_veg_height4",-0.761702392919776,0.494682400785365,-1.53978065868219,0.134096422981593
"Mean_veg_herb4",0.652659250025244,0.468892583850528,1.39191634183171,0.174182001346353
"(Intercept)5",1.10381485364082,0.633146687129773,1.74337934017267,0.0915092304173375
"share_impervious_1005",0.383862948673014,0.367657701988006,1.04407699498034,0.304790336139516
"mean_UHI_1005",-1.54808056212412,0.516837191136211,-2.99529636928959,0.00545409536731761
"Mean_local_UHI_total5",-0.875486586673893,0.38891356658868,-2.25110837442146,0.031861220119103
"Mean_veg_height5",0.375703631612146,0.32205128144199,1.16659567361423,0.252563881899019
"Mean_veg_herb5",-0.534742275413431,0.29895925322329,-1.78867945931761,0.0837698658739668
"(Intercept)6",-1.80610933286662,1.11191201289938,-1.62432756541326,0.114767971005778
"share_impervious_1006",0.28765949583083,0.666304157437993,0.431723999647413,0.669029014020922
"mean_UHI_1006",-1.09774753507928,0.921966788455933,-1.190658436751,0.243124018864786
"Mean_local_UHI_total6",-1.11838435199765,0.751797701639871,-1.48761342254459,0.147289345907126
"Mean_veg_height6",0.28019159490023,0.62560127426477,0.447875678049924,0.657460615312117
"Mean_veg_herb6",-0.440747591591824,0.579863843429614,-0.760088073408777,0.453134310177878
"(Intercept)7",-1.33047434917353,2.67885403491361,-0.496658023107418,0.623050196864088
"share_impervious_1007",1.10171080545028,1.4584449585435,0.755401017362027,0.455898717769312
"mean_UHI_1007",-2.1631668495946,2.34069937962101,-0.92415406627093,0.362780252752347
"Mean_local_UHI_total7",1.17140165346143,1.95326362692461,0.59971508060373,0.553199165644807
"Mean_veg_height7",-1.6890310927877,1.80602421197111,-0.935220625278483,0.357142127044285
"Mean_veg_herb7",-0.331912489294775,0.776764961123095,-0.427301057471587,0.672211485185112
"(Intercept)8",-47.6591118719332,0.371586086263201,-128.258601798603,1.1547455169523e-42
"share_impervious_1008",11.4412415615316,0.963028879875371,11.8804760694323,7.16303904054046e-13
"mean_UHI_1008",-8.07005713171407,0.477744071955067,-16.8920089341749,7.16451190526936e-17
"Mean_local_UHI_total8",17.6186408843186,0.651827861411626,27.0295915951843,1.28064213680475e-22
"Mean_veg_height8",8.98036442171902,0.2842269472174,31.5957530052564,1.38311377109678e-24
"Mean_veg_herb8",-9.75218745114121,0.519038379142572,-18.7889524995269,3.84363404208178e-18
"(Intercept)9",1.95266107384108,0.401025412860303,4.86917040970988,3.37013986321756e-05
"share_impervious_1009",0.504056552683032,0.332777103462972,1.51469721755997,0.140315170012254
"mean_UHI_1009",-0.871716342028805,0.406266066459459,-2.14567844571827,0.0401113212231896
"Mean_local_UHI_total9",-0.22730499297903,0.303441746337104,-0.749089391037541,0.459636995982226
"Mean_veg_height9",0.838126345480953,0.367340344658387,2.28160711903393,0.0297776574840457
"Mean_veg_herb9",-0.407779102110783,0.303656189767837,-1.34289738148448,0.189377840094113
"(Intercept)10",2.88663089931105,0.16395475585404,17.6062651203657,2.30953081278493e-17
"share_impervious_10010",-0.192707737955923,0.216155428221614,-0.891523935074854,0.379743175088294
"mean_UHI_10010",0.202881626952273,0.205818900122604,0.985728846240159,0.332149978933355
"Mean_local_UHI_total10",-0.165393794136741,0.213291680573308,-0.775434811579048,0.444152724247198
"Mean_veg_height10",-0.25336735959252,0.187282816224164,-1.35285962001585,0.186209084051757
"Mean_veg_herb10",0.430176230183899,0.226675657300538,1.89776103577611,0.067387951011374
"(Intercept)11",-1.79189752496299,0.899628457129362,-1.99181952367401,0.0555621673857788
"share_impervious_10011",-0.0442049970904154,0.474804479565508,-0.0931014743813438,0.926441935037523
"mean_UHI_10011",-0.175790175072093,0.737260071095366,-0.23843712953411,0.813163281070758
"Mean_local_UHI_total11",-1.03593490187707,0.647241386913531,-1.60053872144531,0.119958716574373
"Mean_veg_height11",0.384952802429865,0.764892526796425,0.50327698198615,0.618444938420406
"Mean_veg_herb11",-1.18389805102002,0.504772426916281,-2.34540951107928,0.0258119727903045
"(Intercept)12",-0.884906935694878,0.799051322869065,-1.10744693159075,0.276901440870251
"share_impervious_10012",1.11490027695279,0.702042141082757,1.58808170010034,0.122752996724605
"mean_UHI_10012",-0.841461756394928,0.870431423433209,-0.966718036299727,0.341414149425321
"Mean_local_UHI_total12",0.353576412798454,0.73456843884972,0.481338965981344,0.633768059355871
"Mean_veg_height12",0.248540421323031,0.782848748702578,0.317482044564725,0.753077069217177
"Mean_veg_herb12",-0.468739511990687,0.543042412264285,-0.863172933466131,0.394890904430313
"(Intercept)13",-5.61075939398331,2.86641422001617,-1.95741402439445,0.059659156514125
"share_impervious_10013",1.24014936659192,0.691163603198763,1.79429206175268,0.082850864316064
"mean_UHI_10013",-0.645870730864053,0.767303538690431,-0.841740847391856,0.406593189617604
"Mean_local_UHI_total13",0.838653549462503,0.491905662849137,1.70490728772055,0.0985481712013085
"Mean_veg_height13",4.84893329152527,2.3415140018057,2.0708538525868,0.047071626090879
"Mean_veg_herb13",-3.00065637981296,1.57306913248953,-1.90751716999503,0.066067533517941
"(Intercept)14",-1.21431081701807,0.755253631616873,-1.60781857403113,0.118350111542226
"share_impervious_10014",0.0572628931243725,0.881976385201025,0.0649256534360847,0.94866391361352
"mean_UHI_10014",-0.877776269364005,0.909286446941179,-0.96534625839506,0.342089292399725
"Mean_local_UHI_total14",0.0464920139793101,0.809109766380849,0.0574607005267889,0.954559234681957
"Mean_veg_height14",-0.0348595970053513,0.715219879541474,-0.0487396925092459,0.961449790002136
"Mean_veg_herb14",-0.172824596501244,0.642060923919564,-0.269171647210997,0.789640267215678
"(Intercept)15",-3.0544786599151,1.21407116957154,-2.51589753259116,0.0174574049142413
"share_impervious_10015",-1.56545541237829,1.10865221567305,-1.41203471228163,0.168229075982949
"mean_UHI_10015",1.44088171050313,0.737966231810831,1.95250358131899,0.0602648612838533
"Mean_local_UHI_total15",-0.671130858956348,0.896797073293593,-0.748364238624844,0.460067644603337
"Mean_veg_height15",-1.29933415794601,0.849394166333592,-1.52971872123231,0.136563588972933
"Mean_veg_herb15",1.51823832877033,1.45192825524235,1.04567035133352,0.304065880974198
"(Intercept)16",-2.09368679527072,0.672521684367751,-3.11318853196389,0.00404613210591089
"share_impervious_10016",1.00152335525135,0.284526083455939,3.5199702715707,0.00140048126191861
"mean_UHI_10016",-0.0195817451948702,0.390334618912215,-0.0501665602949609,0.960322186105998
"Mean_local_UHI_total16",0.509535329811982,0.437127226187202,1.16564537573272,0.252942121469034
"Mean_veg_height16",-2.30821359200093,0.698277962573881,-3.30557989184244,0.00246323022606003
"Mean_veg_herb16",0.411896006759653,0.456354656218629,0.902578731578284,0.37393970142492
"(Intercept)17",0.125045781802135,0.701844185807669,0.178167439911516,0.859789152439578
"share_impervious_10017",-0.590712598882758,0.644436117977203,-0.916634841537007,0.366644332428765
"mean_UHI_10017",0.682665278124691,0.524587435392296,1.30133745505014,0.203048773536197
"Mean_local_UHI_total17",-1.22743794946806,0.75390473858733,-1.62810748711838,0.113960528255459
"Mean_veg_height17",-1.04028199366953,0.602524425356029,-1.72653912421033,0.0945363929191885
"Mean_veg_herb17",0.610674936335058,0.717743899153054,0.850825673413124,0.401606385619054
"(Intercept)18",-1.68805143204313,0.894404957666157,-1.88734579071196,0.0688226867087091
"share_impervious_10018",-0.589254458334073,1.26676494610354,-0.465164796473544,0.645172436602458
"mean_UHI_10018",-0.0556533437394627,1.14387459039878,-0.0486533613095303,0.961518017164718
"Mean_local_UHI_total18",0.882442148690443,1.13367897001284,0.778388037559212,0.442436691503995
"Mean_veg_height18",0.00235229176583513,0.962282238903434,0.00244449255191043,0.998065762132026
"Mean_veg_herb18",0.0661355308120098,0.811048799219825,0.0815432201806202,0.935551562361477
"(Intercept)19",-75.9988083467992,0.619699613176451,-122.63814069085,4.4181206428892e-42
"share_impervious_10019",-33.2171817911256,0.574934124679758,-57.7756309205473,2.55725490396465e-32
"mean_UHI_10019",17.120507777958,0.493382237696924,34.700292126193,8.93874639740381e-26
"Mean_local_UHI_total19",42.8375872701544,0.467514347344261,91.6283906868217,2.71124058922699e-38
"Mean_veg_height19",23.5252095945091,0.778210960246323,30.2298615622977,5.00774779801846e-24
"Mean_veg_herb19",15.4461684817985,1.25457745700118,12.3118492171217,2.93133437128101e-13
"(Intercept)20",2.44372208172945,0.243131596391878,10.0510263494946,4.06328336860192e-11
"share_impervious_10020",-0.496178928263648,0.322490680448729,-1.538583774183,0.134387985990886
"mean_UHI_10020",0.319911880499737,0.305014596311542,1.04884121733302,0.302627752797209
"Mean_local_UHI_total20",-0.100862154106106,0.282365110744487,-0.357204733404109,0.72343915495721
"Mean_veg_height20",0.368339793012154,0.275701428682805,1.33600973622785,0.191592941729329
"Mean_veg_herb20",-0.155239240740333,0.280114018846931,-0.554200183837154,0.58354985997537
"(Intercept)21",-72.4330445382558,0.620630799895426,-116.708749469831,1.94801819882316e-41
"share_impervious_10021",14.5960574614285,0.581283694527352,25.1100411018698,1.0660998764988e-21
"mean_UHI_10021",-44.3436726904715,0.38543485089802,-115.048425400961,2.99138234067237e-41
"Mean_local_UHI_total21",36.7035387114644,0.880447340835174,41.687375279762,4.05908514687133e-28
"Mean_veg_height21",3.56400729469386,0.660747930017732,5.39389853949026,7.6597223292984e-06
"Mean_veg_herb21",2.378747368787,0.778452039176914,3.0557404298178,0.0046824513974574
"(Intercept)22",-81.0857723438493,0.648736109190457,-124.990379285399,2.5013539117061e-42
"share_impervious_10022",13.8252642623642,0.480379507476455,28.7798793395486,2.08626510596968e-23
"mean_UHI_10022",23.4113075632787,0.44408462385542,52.7181224155618,3.89066602132341e-31
"Mean_local_UHI_total22",-33.1769517058882,0.477716577340078,-69.4490274769554,1.06527760129833e-34
"Mean_veg_height22",21.3910301705408,0.510447114057993,41.9064572634856,3.47738882581054e-28
"Mean_veg_herb22",-5.24903927359349,0.39847708900533,-13.1727505004015,5.24494466519065e-14
"(Intercept)23",-173.205798148025,1.45912547582357,-118.705211455693,1.17236950141358e-41
"share_impervious_10023",-12.5231442459606,0.299022422502306,-41.8802849002538,3.54209603509182e-28
"mean_UHI_10023",106.068675445407,0.926735132743865,114.454143042317,3.49299667957774e-41
"Mean_local_UHI_total23",-25.472392567943,0.277327145036356,-91.8496188485396,2.52265107327705e-38
"Mean_veg_height23",19.6562139680595,0.291730062451773,67.3780885071075,2.62695592970004e-34
"Mean_veg_herb23",93.3807508987437,0.836860169215997,111.58465217221,7.46893495065933e-41
"(Intercept)24",-2.42699802237564,2.09149586413129,-1.1604125372649,0.255032334652843
"share_impervious_10024",0.918553528764695,1.1945519995465,0.768952317783916,0.447933479298482
"mean_UHI_10024",-0.966830052786677,1.40663101712875,-0.68733736211803,0.497149909474108
"Mean_local_UHI_total24",0.426586151337326,0.94710906619574,0.45040868740788,0.655654086766498
"Mean_veg_height24",1.88563802173267,1.85843954936817,1.014635112761,0.318393453741858
"Mean_veg_herb24",-1.33957140364835,1.26601895773415,-1.0580974285297,0.298456867876332
"(Intercept)25",-2.15187734713984,1.02085826485152,-2.10791000203423,0.0435011325490593
"share_impervious_10025",0.642617838953151,0.778160072585663,0.825817028645361,0.415427194787461
"mean_UHI_10025",-2.01702752932817,0.99234721556602,-2.03258244462115,0.0510286203461832
"Mean_local_UHI_total25",0.385193500540904,0.7336744252027,0.52501966445741,0.603428313224503
"Mean_veg_height25",-0.679464551826598,0.645852781328024,-1.05204246458374,0.301180673538241
"Mean_veg_herb25",-0.503319913677304,0.454192070620956,-1.10816534729279,0.276596084307608
"(Intercept)26",2.38615873806237,0.216061507999843,11.043886345846,4.31315492645268e-12
"share_impervious_10026",-0.334093256482785,0.259019509568419,-1.28983819419416,0.206961785123499
"mean_UHI_10026",0.166138986344849,0.248256442090063,0.669223263437315,0.508470970671621
"Mean_local_UHI_total26",0.388181578945504,0.267941244783585,1.4487563467843,0.157778306722778
"Mean_veg_height26",-0.540763631094988,0.231461104834836,-2.33630454447568,0.0263469219360179
"Mean_veg_herb26",0.747385026814544,0.286360137539203,2.60994785530241,0.0139935842989777
"(Intercept)27",2.9531840843573,0.268766979287438,10.9878977402167,4.87857904131551e-12
"share_impervious_10027",-0.447079353939442,0.261642993230159,-1.7087381107361,0.0978274820294962
"mean_UHI_10027",0.855981094050334,0.252007000045231,3.39665602104981,0.00194059182723914
"Mean_local_UHI_total27",-0.0273084146120696,0.266017518878426,-0.102656451827708,0.9189187758294
"Mean_veg_height27",-0.635485361943738,0.264989498402683,-2.39815300521096,0.0229026735386501
"Mean_veg_herb27",0.748357320512581,0.333825163528442,2.24176425947836,0.0325253559985226
"(Intercept)28",-67.4547388370412,0.523280587216906,-128.907397837559,9.92799200681556e-43
"share_impervious_10028",6.97012136891753,0.326538087570201,21.3455080256727,1.08378925071334e-19
"mean_UHI_10028",9.48149967919677,0.393781599274913,24.078066869187,3.54424038692933e-21
"Mean_local_UHI_total28",24.693567365752,0.321766097809661,76.7438444691565,5.4101476129872e-36
"Mean_veg_height28",7.86311205964082,0.271195646835828,28.9942414319093,1.68242894905091e-23
"Mean_veg_herb28",0.0707404556826133,0.244948153881732,0.28879766824766,0.774722444338447
"(Intercept)29",-47.7149748547923,0.375661761862987,-127.015788400085,1.54569628103819e-42
"share_impervious_10029",11.5620837590673,0.95231258722731,12.1410594736868,4.16470631011201e-13
"mean_UHI_10029",-8.12784062916566,0.475654259808057,-17.0877070089639,5.23362460463547e-17
"Mean_local_UHI_total29",17.6574112257457,0.648187973600481,27.2411891995841,1.02254824908058e-22
"Mean_veg_height29",9.02038785337965,0.287969419148402,31.3241172623649,1.77888362483831e-24
"Mean_veg_herb29",-9.85419922900664,0.519304253199616,-18.9757722342759,2.92098325551931e-18
"(Intercept)30",-2.80702124311101,1.48268420720097,-1.89320236195821,0.0680127122741614
"share_impervious_10030",0.890591857258833,1.05087312822604,0.84747800028175,0.403439473416572
"mean_UHI_10030",-0.335963254633962,1.29019789086581,-0.260396685665411,0.79633683157714
"Mean_local_UHI_total30",0.565169561992202,0.859780106246429,0.657341985335741,0.515973077305012
"Mean_veg_height30",1.74804969175415,1.33069607258428,1.31363556845805,0.19892683439839
"Mean_veg_herb30",-1.22500866069617,0.970730547316733,-1.26194510318265,0.216691876387946
"(Intercept)31",-99.4433693457723,0.808229836538867,-123.038478474916,4.0073508103458e-42
"share_impervious_10031",-13.2821529923096,1.56755762697297,-8.47315133030104,1.86653880880745e-09
"mean_UHI_10031",-48.0968307926323,1.51084754615884,-31.8343375643115,1.1106950777888e-24
"Mean_local_UHI_total31",57.6208169267858,1.01969803511929,56.507725760249,4.94686052360583e-32
"Mean_veg_height31",-24.6472540353916,0.269815966439147,-91.348389647469,2.97101602373219e-38
"Mean_veg_herb31",61.8845141643116,0.688080750752518,89.9378657179869,4.73085795351688e-38
"(Intercept)32",2.67705920185527,0.193530836137771,13.8327268939691,1.47936712883406e-14
"share_impervious_10032",0.376661334262214,0.217406068708073,1.7325244713752,0.093450956222262
"mean_UHI_10032",-0.202035806690369,0.251924353088043,-0.801970131961642,0.42887742444715
"Mean_local_UHI_total32",-0.422734524508307,0.23817638503656,-1.77488009335358,0.0860662821991574
"Mean_veg_height32",-0.0932456679222631,0.229016925218907,-0.407156230191869,0.686783881558894
"Mean_veg_herb32",-0.0207864904719485,0.203545792760499,-0.102121936248552,0.919339434677066
"(Intercept)33",1.28689149739253,0.213705213942861,6.02180673858812,1.3118467979509e-06
"share_impervious_10033",0.0861347806563233,0.27673933975674,0.311248775588024,0.757764104731749
"mean_UHI_10033",0.208687780581968,0.296532030039433,0.70376134596393,0.487008261131649
"Mean_local_UHI_total33",0.279021823325624,0.268950434814751,1.03744700586861,0.30781772647208
"Mean_veg_height33",0.220564324749348,0.257423523401557,0.856814955505399,0.398339957846014
"Mean_veg_herb33",-0.171466939031202,0.229078844153071,-0.748506216997619,0.459983308773474
"(Intercept)34",-1.37895571296874,0.775986800164807,-1.77703501229129,0.0857041892417679
"share_impervious_10034",-0.125753538153587,0.665642153194911,-0.188920634833599,0.851427307712472
"mean_UHI_10034",-1.5908879589107,0.674362296579195,-2.35909979988609,0.025026171892127
"Mean_local_UHI_total34",-0.649984771065285,0.627386716592137,-1.03601933843276,0.308472355740972
"Mean_veg_height34",-0.568353592833085,0.387555834364018,-1.46650764209435,0.152914976678823
"Mean_veg_herb34",-0.0568714451606742,0.476872154341292,-0.119259312255779,0.905864960772141
"(Intercept)35",-1.45172705974942,1.01876667987301,-1.42498482570158,0.164482853901815
"share_impervious_10035",-0.368446287169072,0.50824594058665,-0.724936999484517,0.474107511750143
"mean_UHI_10035",-0.624412926011643,0.626340291720994,-0.996922813788564,0.32677556881124
"Mean_local_UHI_total35",-1.22115456422808,0.606070475557473,-2.01487221944749,0.0529567730057514
"Mean_veg_height35",0.776621160610456,0.539602362691121,1.43924714624537,0.160433741301992
"Mean_veg_herb35",-0.42844768942938,0.610284327392519,-0.702046030347775,0.488061933742207
"(Intercept)36",-7.77746493220626,3.34572558219797,-2.32459738287827,0.0270495383663167
"share_impervious_10036",0.514157668345662,0.528701322973128,0.972491737781777,0.338582356349823
"mean_UHI_10036",2.3530617980678,0.783086983883473,3.00485367078704,0.00532453686035325
"Mean_local_UHI_total36",-7.55513264529274,3.22924542110178,-2.33959692128789,0.0261523324121531
"Mean_veg_height36",-2.43683797473617,1.85130753940743,-1.31627939867633,0.198049153304122
"Mean_veg_herb36",-0.544541354347074,0.698101926045772,-0.780031302064293,0.441483566647219
"(Intercept)37",-17.2157789030743,5.19541810547082,-3.31364647725771,0.00241195820677556
"share_impervious_10037",-11.8971085315859,4.9048842045815,-2.42556358832552,0.0215118354885958
"mean_UHI_10037",-2.01815362001432,1.60018377224792,-1.26120115390199,0.216956051157083
"Mean_local_UHI_total37",7.45724205916905,1.82206207103618,4.09274863777183,0.000295749286298991
"Mean_veg_height37",4.71511141446352,1.94684553628475,2.42192373590233,0.0216919707398747
"Mean_veg_herb37",-0.0973488344461131,1.62211194963122,-0.0600136349826192,0.952542786547671
"(Intercept)38",0.715223040206918,0.341862149662829,2.09213871998502,0.0449903177438706
"share_impervious_10038",-0.538727592021599,0.487099016549506,-1.10599195177567,0.277520607020719
"mean_UHI_10038",0.262303825682851,0.430598827834279,0.609160566000895,0.54700387164824
"Mean_local_UHI_total38",-0.159184158701072,0.422780916752646,-0.376516896561358,0.70918259272376
"Mean_veg_height38",0.0266140033780638,0.383318808793477,0.0694304656268583,0.945107720218612
"Mean_veg_herb38",0.169685920581322,0.435908990678258,0.389269146106156,0.699826608187113
"(Intercept)39",-157.838266254835,1.86506807583768,-84.6286890541207,2.91522361699386e-37
"share_impervious_10039",-30.9810507717129,2.04331843023005,-15.1621256449122,1.31708885130572e-15
"mean_UHI_10039",-45.5816430663412,2.95900269051346,-15.4043939238297,8.62699353813004e-16
"Mean_local_UHI_total39",-31.8319227907976,1.77405659520895,-17.9430142627713,1.37221655281575e-17
"Mean_veg_height39",11.7688130366338,2.86086622407862,4.11372364690841,0.000279100023804446
"Mean_veg_herb39",40.4054023887029,9.41898333242489,4.2897838293871,0.000171253746266019
"(Intercept)40",2.13981721348482,0.496298681307426,4.31155127764552,0.000161180574798069
"share_impervious_10040",-0.517719156298439,0.339495501370466,-1.5249661754236,0.137741633563751
"mean_UHI_10040",1.63465345728733,0.342057430315556,4.77888597765387,4.34698409038939e-05
"Mean_local_UHI_total40",-1.74942480571666,0.51033103763154,-3.42801961220268,0.00178671788498129
"Mean_veg_height40",-0.793430479002615,0.436008477004893,-1.81975929562881,0.0787880078736258
"Mean_veg_herb40",0.206827626658279,0.401237138105422,0.515474782904909,0.609999317402157
"(Intercept)41",1.8568342654466,0.744211458055751,2.49503584679759,0.0183258224382499
"share_impervious_10041",-0.620123887701443,0.496338153087297,-1.2493979837016,0.221179950988212
"mean_UHI_10041",1.47710901640957,0.456353885936054,3.23676221882012,0.00294528449284811
"Mean_local_UHI_total41",-1.91798402060007,0.776286679137978,-2.47071613122343,0.0193882309408369
"Mean_veg_height41",-1.06463038222619,0.625440676249031,-1.70220841505084,0.099058577116174
"Mean_veg_herb41",0.261756726684189,0.553558888093705,0.472861573202451,0.63973428996849
"(Intercept)42",-237.38912839856,2.123903964784,-111.770179977371,7.1066414717928e-41
"share_impervious_10042",-92.2729289813688,0.95565650689344,-96.5544924518132,5.66408754859694e-39
"mean_UHI_10042",-26.9509789942986,0.990028800497623,-27.2224191667476,1.04309987481e-22
"Mean_local_UHI_total42",89.5463553010471,1.14324581614775,78.3264229234447,2.94134762803756e-36
"Mean_veg_height42",-126.044411281728,1.29070714003347,-97.6553141857258,4.03535630160197e-39
"Mean_veg_herb42",123.514189097622,1.26231539061303,97.847328818227,3.8051055502869e-39
"(Intercept)43",0.218938018540105,0.407012344916163,0.537914933723208,0.594604281935135
"share_impervious_10043",0.290098431426536,0.35934428997488,0.807299404832107,0.425848702955926
"mean_UHI_10043",-0.759515908853377,0.444175981562061,-1.70994367183552,0.0976015980144593
"Mean_local_UHI_total43",-0.837197973694143,0.397173057787334,-2.10789215753507,0.0435027924879285
"Mean_veg_height43",-0.377390425196961,0.328132493824249,-1.15011598150074,0.259181987552222
"Mean_veg_herb43",-0.0967633889085288,0.296200411809715,-0.326682155224995,0.74617663585872
"(Intercept)44",1.22969029631248,0.423314876207993,2.90490688002251,0.00683613275322169
"share_impervious_10044",0.540084374634592,0.359468352801862,1.50245319351461,0.14343431184807
"mean_UHI_10044",-0.866307114232892,0.464407679923669,-1.86540221379474,0.0719319655980642
"Mean_local_UHI_total44",-0.291837074658578,0.460402277658886,-0.63387408972551,0.530966745415122
"Mean_veg_height44",-0.403309769784959,0.323760841625638,-1.24570274700268,0.222514983427765
"Mean_veg_herb44",0.873818552535009,0.523273158483737,1.66990899182949,0.105340714352883
"(Intercept)45",0.797245386159754,0.28938039922301,2.75500824624048,0.00987905044248094
"share_impervious_10045",-0.145442634245082,0.331412310060701,-0.438857066650429,0.663909664436139
"mean_UHI_10045",0.0736798223356869,0.328817242249173,0.224075300406094,0.824217763545348
"Mean_local_UHI_total45",-0.719928592541566,0.347541520010125,-2.07148945116138,0.0470082629557135
"Mean_veg_height45",-0.260274259495884,0.300990497557122,-0.864725835560605,0.394051382538092
"Mean_veg_herb45",0.168378769074917,0.324672834786656,0.518610585901216,0.60783684651774
"(Intercept)46",4.75014552451594,0.134153525466775,35.4082794916365,4.94541265620464e-26
"share_impervious_10046",0.0606846151390161,0.155578312323655,0.390058320036097,0.699249163943644
"mean_UHI_10046",-0.341737001930473,0.168232412238123,-2.03133865456774,0.0511619908740448
"Mean_local_UHI_total46",-0.358612004196092,0.15100241687198,-2.37487592334448,0.0241476648386313
"Mean_veg_height46",0.127084060690339,0.144137780280163,0.881684596802612,0.384957239441185
"Mean_veg_herb46",-0.110808508778024,0.136449778242073,-0.812082732603938,0.423141449368387
"(Intercept)47",-1.938225136936,0.855358605531402,-2.26597958376985,0.0308293983967663
"share_impervious_10047",0.0902425249937038,0.731389756733123,0.123384999807473,0.902625179450866
"mean_UHI_10047",-0.607898272304446,0.741382804942483,-0.819951944193806,0.418710754698599
"Mean_local_UHI_total47",0.291174726871246,0.656829413740218,0.443303422136952,0.660726846114176
"Mean_veg_height47",1.0907554648346,0.834562346565645,1.30697900441258,0.201149859306668
"Mean_veg_herb47",-0.776464531124818,0.650735584081453,-1.19321049919352,0.242138318368063
"(Intercept)48",-49.0527512122881,0.391779399417793,-125.205029374141,2.37607927139474e-42
"share_impervious_10048",-25.8685649528062,0.499713226094881,-51.7668206522404,6.68002207403336e-31
"mean_UHI_10048",-3.89831389700461,0.390618137837957,-9.97985889385855,4.79510688706926e-11
"Mean_local_UHI_total48",24.8618394266662,0.395841463447105,62.8075674795711,2.13013975106845e-33
"Mean_veg_height48",-3.71983190585843,0.39969507860018,-9.30667427501509,2.37302586426703e-10
"Mean_veg_herb48",10.9081059207106,0.194706771052288,56.0232490208636,6.38992135584767e-32
"(Intercept)49",0.387345100010323,0.444204960744548,0.871996340070314,0.390135953940628
"share_impervious_10049",-0.807811586620787,0.44039953500583,-1.83426984456306,0.0765501435900012
"mean_UHI_10049",0.934366419353987,0.44869092304149,2.08242772780047,0.0459295698164393
"Mean_local_UHI_total49",-0.866774931014315,0.427136734911165,-2.02926805439617,0.0513846995375752
"Mean_veg_height49",-0.12383448145904,0.456388948994401,-0.271335407511278,0.787991489308076
"Mean_veg_herb49",-0.550654919057006,0.365143744567017,-1.50804971261377,0.142001742175
"(Intercept)50",1.84465692656393,0.269931171080283,6.83380477764568,1.39305515536778e-07
"share_impervious_10050",0.255266022621781,0.280497690659637,0.910046788697192,0.370051969207915
"mean_UHI_10050",-0.306755042402154,0.330049614589468,-0.92942099866928,0.360089621011775
"Mean_local_UHI_total50",-0.525451984453112,0.284670334298089,-1.84582628094606,0.0748070238720202
"Mean_veg_height50",0.244014264613981,0.287651836362673,0.848297259977604,0.40299038488039
"Mean_veg_herb50",-0.172281051882817,0.258785446202792,-0.665729292008996,0.510670889411362
"(Intercept)51",-0.148692530047284,0.544513994783827,-0.273073844697627,0.786667528477029
"share_impervious_10051",-1.20232465932631,0.644912751654125,-1.86432142370033,0.0720881826814418
"mean_UHI_10051",0.617172753985514,0.515218287933545,1.19788596103778,0.240340150753552
"Mean_local_UHI_total51",0.771186614376907,0.548806240482832,1.4052074438848,0.170230992439379
"Mean_veg_height51",-0.627977042358403,0.503592999185673,-1.2469931936581,0.222048077726257
"Mean_veg_herb51",1.0214072651328,0.640581337755936,1.59450050279479,0.121306569945727
"(Intercept)52",-203.901439473075,1.78289476726667,-114.365381073878,3.57506447822923e-41
"share_impervious_10052",-9.09392383003954,0.482150510395188,-18.8611722563268,3.45571881374835e-18
"mean_UHI_10052",-82.6540453230701,0.890934363308913,-92.7723171616084,1.87097696854253e-38
"Mean_local_UHI_total52",-71.9597808091373,0.616801721114856,-116.665985754825,1.96950760561443e-41
"Mean_veg_height52",53.8047600757003,0.495771028633717,108.527439015506,1.71529710668809e-40
"Mean_veg_herb52",-64.8937252268287,0.566888142533886,-114.473597801439,3.47527069567573e-41
"(Intercept)53",0.0944800093561547,0.684006409259067,0.13812737435969,0.891062731268647
"share_impervious_10053",0.359118479922484,0.49206016500607,0.729826361615867,0.471157052939845
"mean_UHI_10053",0.239793075026049,0.668163120846637,0.358884032273743,0.722195369215441
"Mean_local_UHI_total53",-1.35900520299399,0.706969632099938,-1.92229643437058,0.0641099459237849
"Mean_veg_height53",-0.203156895914626,0.737578891102831,-0.275437513688691,0.784868442674882
"Mean_veg_herb53",-0.613930066318511,0.470237108805816,-1.30557553800381,0.201620982031654
"(Intercept)54",1.63708390675876,0.353010855161278,4.6374888557204,6.47168484619909e-05
"share_impervious_10054",0.144515166034206,0.297088363818289,0.486438324870232,0.630191204307198
"mean_UHI_10054",-0.394853736656734,0.362441032290468,-1.08942890423149,0.284638879783854
"Mean_local_UHI_total54",-0.570176296519939,0.296680666027559,-1.92185188254557,0.0641680872416121
"Mean_veg_height54",0.567829153675413,0.334146895322606,1.6993399059632,0.0996034920327333
"Mean_veg_herb54",-0.509679534872965,0.27639203615232,-1.84404566053445,0.0750733653116231
"(Intercept)55",1.82347162315201,0.348708176280096,5.22921958012055,1.21937038679902e-05
"share_impervious_10055",0.649830279597437,0.235089091379147,2.76418729506,0.00966110822156211
"mean_UHI_10055",-0.832801872484023,0.329443065061052,-2.52790834231004,0.0169747742154586
"Mean_local_UHI_total55",-1.07038609444196,0.236738042408971,-4.5213945488019,8.9652979687035e-05
"Mean_veg_height55",0.671853899059578,0.257695179190584,2.60716518318216,0.0140862005355389
"Mean_veg_herb55",-0.26974002119781,0.210581475699106,-1.28092948490509,0.210032602026822
"(Intercept)56",-0.318408103817248,0.98222543097007,-0.324170087413416,0.748058688651457
"share_impervious_10056",-1.65846739869764,1.1394877270291,-1.45544998805879,0.155930177150141
"mean_UHI_10056",0.0164357714807425,0.750710836692239,0.0218936115977242,0.982677795192511
"Mean_local_UHI_total56",1.1424023982057,0.87810931572832,1.30097970462615,0.203169651290516
"Mean_veg_height56",0.5937396888015,0.726409683119744,0.817362023936053,0.420165812196793
"Mean_veg_herb56",0.257251175497988,0.722938208037255,0.355841166835563,0.724449656193343
"(Intercept)57",4.17364008390699,0.281345267493597,14.8345842853105,2.35346535830538e-15
"share_impervious_10057",-0.227565040558546,0.352576269062233,-0.645434932883638,0.523551575690894
"mean_UHI_10057",0.148444366687371,0.348858477448597,0.425514574772642,0.673498681932861
"Mean_local_UHI_total57",-0.429829215467,0.341763496648968,-1.25768029553047,0.218209602957677
"Mean_veg_height57",-0.351780695098293,0.347247765284461,-1.01305387756813,0.319135685943343
"Mean_veg_herb57",-0.17749944381326,0.275673228110304,-0.643876248085425,0.524548057926024
"(Intercept)58",-44.8547614953239,6.34997280765811,-7.06377221666661,7.46502298306403e-08
"share_impervious_10058",-3.36194323104337,1.05175815562669,-3.19649837090176,0.00326795441590853
"mean_UHI_10058",0.405265244036865,0.695427649107914,0.582756875653037,0.564412001375695
"Mean_local_UHI_total58",1.64621577551553,0.472065149021148,3.48726394848052,0.00152756955132177
"Mean_veg_height58",0.744716136240947,0.30183728238309,2.467276839896,0.0195429577838972
"Mean_veg_herb58",48.2451121040305,6.94571500963216,6.94602528855925,1.02672400286271e-07
"(Intercept)59",0.897394123719096,0.508705229532316,1.76407489371424,0.0879015198965808
"share_impervious_10059",0.100773855925716,0.631744121002394,0.159516887574382,0.874330790881521
"mean_UHI_10059",-0.343731968830884,0.662791556410884,-0.518612474021613,0.607835545539707
"Mean_local_UHI_total59",-0.237896139591633,0.671633950938179,-0.354205053599993,0.725662800064092
"Mean_veg_height59",-0.419497977061342,0.56319276295042,-0.744856831724367,0.462153945385648
"Mean_veg_herb59",0.323392129152904,0.6204870805355,0.521190753679844,0.606060243434818
"(Intercept)60",-47.5732083574389,0.367623907211817,-129.407275816881,8.84145045661282e-43
"share_impervious_10060",11.2733457831073,0.985875156266506,11.4348614136898,1.84441631416434e-12
"mean_UHI_10060",-7.98723778188764,0.484162496754045,-16.4970187394444,1.3627886115634e-16
"Mean_local_UHI_total60",17.5632977330989,0.661034888423319,26.569396019309,2.10121155331908e-22
"Mean_veg_height60",8.92712831360492,0.281308005540409,31.7343557160963,1.21740116691157e-24
"Mean_veg_herb60",-9.6180355768054,0.522283371867895,-18.4153585866758,6.70168662046755e-18
"(Intercept)61",1.73731190219132,0.291963681051531,5.95043841047025,1.60157991897736e-06
"share_impervious_10061",-0.180470052469156,0.41446558596944,-0.435428316797483,0.666368415533451
"mean_UHI_10061",0.167875092397684,0.409849233474379,0.409602065068101,0.685007931595168
"Mean_local_UHI_total61",-0.0387321075972494,0.386470579057501,-0.100220067700126,0.920836379241985
"Mean_veg_height61",-0.00309714007766608,0.374135912140802,-0.00827811492338245,0.993449899915809
"Mean_veg_herb61",-0.0469080243930834,0.347328742337874,-0.135053678763655,0.893471511840055
"(Intercept)62",-94.2063980460335,0.900779881941288,-104.583150595024,5.19328676646975e-40
"share_impervious_10062",-81.6779741028112,0.834100043765392,-97.9234741843328,3.71759591091868e-39
"mean_UHI_10062",24.9419283482817,1.5634846970439,15.9527806031231,3.37410575747029e-16
"Mean_local_UHI_total62",23.5566156661386,0.402053638468672,58.5907287292816,1.68578155635303e-32
"Mean_veg_height62",-18.9951339447146,0.611284276311743,-31.0741412478725,2.24654347028769e-24
"Mean_veg_herb62",53.411283770264,2.00100042227265,26.6922901043677,1.8395399229667e-22
"(Intercept)63",-2.46639505068265,1.42410151617593,-1.73189553038714,0.0935645180587159
"share_impervious_10063",0.931374199184871,0.97518717064828,0.955072243788561,0.347174320858962
"mean_UHI_10063",-0.653814559863105,1.31275874877443,-0.49804624076853,0.62208302663144
"Mean_local_UHI_total63",-1.10204117845259,0.884763727562012,-1.24557680669085,0.222560590309559
"Mean_veg_height63",0.863273601465319,1.09424556650671,0.788921269492781,0.43634867797331
"Mean_veg_herb63",0.0774001423860104,0.942187609676975,0.0821493952913971,0.935073574625203
"(Intercept)64",-73.0143409534791,0.654536888260186,-111.551147480102,7.53637017312533e-41
"share_impervious_10064",14.9125481180343,0.611918884790737,24.3701387368263,2.51092935846622e-21
"mean_UHI_10064",-44.9596868523411,0.383761813064833,-117.155186685408,1.73762223988551e-41
"Mean_local_UHI_total64",36.922646828082,0.775987796798306,47.5814787042055,8.13515113083878e-30
"Mean_veg_height64",4.04038920116497,0.59107695751655,6.83563984314485,1.38610736892187e-07
"Mean_veg_herb64",1.93466461961026,0.691409739635822,2.79814487517819,0.00889335851888473
"(Intercept)65",-1.00257343569893,0.776518437428344,-1.29111349759992,0.206525005108818
"share_impervious_10065",-0.374770283508425,1.00096669550232,-0.374408344645625,0.71073407856614
"mean_UHI_10065",-0.320904262437509,0.87738493358934,-0.365750824013703,0.717117482214369
"Mean_local_UHI_total65",-0.290300358922383,0.900481486505496,-0.322383484028032,0.749398181531757
"Mean_veg_height65",-0.758914663617825,0.811220503657636,-0.935522043878361,0.356989377236291
"Mean_veg_herb65",0.0161670470021077,0.681665825205551,0.0237169686440312,0.98123542556068
"(Intercept)66",-454.927026432922,4.27753238776626,-106.352678411977,3.14347966954674e-40
"share_impervious_10066",-387.725225194553,3.67932462034688,-105.379455525726,4.13880846034037e-40
"mean_UHI_10066",104.199849162654,1.05023116380786,99.2161085611409,2.51136853319781e-39
"Mean_local_UHI_total66",92.4215129248321,1.15587883405439,79.957786406255,1.58932514209417e-36
"Mean_veg_height66",-240.849981265454,2.43102266388915,-99.0735236010274,2.62175809952062e-39
"Mean_veg_herb66",254.857200144799,2.52754741319733,100.831817759022,1.54902287768423e-39
"(Intercept)67",-68.9233431313234,0.528956948239671,-130.300477875742,7.19545566425341e-43
"share_impervious_10067",-12.9118765543742,0.344409237035995,-37.4899252572159,9.24386902235474e-27
"mean_UHI_10067",38.4700678725024,0.349308867355477,110.131953316126,1.10557837854709e-40
"Mean_local_UHI_total67",-25.4780163754876,0.38812721070652,-65.6434686171815,5.71543936379623e-34
"Mean_veg_height67",5.26575293296969,0.355613743374262,14.8075068275069,2.47024165873654e-15
"Mean_veg_herb67",-6.27417838476825,0.41887796724223,-14.9785352189221,1.82134158333752e-15
"(Intercept)68",-83.0555274049471,0.669884418893283,-123.984862257527,3.18578031121872e-42
"share_impervious_10068",-4.54498769906964,1.15835645830211,-3.92365205588924,0.000470789524818796
"mean_UHI_10068",6.27352022105108,1.81033496693807,3.46539194990078,0.00161870618158152
"Mean_local_UHI_total68",-11.2528245741552,0.822533994585346,-13.6806802493652,1.97235263378895e-14
"Mean_veg_height68",44.4793111427788,1.20449073800314,36.9278980231251,1.44081889097995e-26
"Mean_veg_herb68",-33.3372412420364,0.809672279740316,-41.1737465591987,5.85147025534109e-28
"(Intercept)69",-50.2133439924597,0.3941861768528,-127.3848423437,1.41706759391771e-42
"share_impervious_10069",22.8408785902156,0.268347393492583,85.1168267108466,2.45492729727807e-37
"mean_UHI_10069",-23.1159916644562,0.516596191028261,-44.7467326819521,5.01054185358208e-29
"Mean_local_UHI_total69",8.01879658304408,1.12917902204693,7.1014395649221,6.74351844220762e-08
"Mean_veg_height69",7.58265557283278,0.439863695860254,17.238648345377,4.11606147598659e-17
"Mean_veg_herb69",-1.35767242460692,0.579540402498291,-2.3426708798114,0.0259718306521416
"(Intercept)70",-1098.53530390518,4112.30570420747,-0.267133667319826,0.791194106547288
"share_impervious_10070",-852.664622556701,3222.84118566202,-0.264569233616007,0.793150574477195
"mean_UHI_10070",-319.930865879631,1189.60489979771,-0.268938759359545,0.789817786111201
"Mean_local_UHI_total70",339.898973547385,1287.48311967419,0.264002664076403,0.793583009018149
"Mean_veg_height70",-64.780993986933,251.301600014294,-0.257781860454721,0.798335398067156
"Mean_veg_herb70",209.96559446599,805.676883472208,0.260607693696146,0.796175614635135
"(Intercept)71",3.46760464259768,0.119113652965395,29.111731159862,1.49623663420864e-23
"share_impervious_10071",0.193133860699798,0.15205180490471,1.27018459807718,0.213782294176845
"mean_UHI_10071",0.0229380359662712,0.163865932113824,0.139980505223856,0.889610986341941
"Mean_local_UHI_total71",0.122800731381718,0.155382120714264,0.790314424962307,0.435547273720963
"Mean_veg_height71",0.257104855224976,0.139834136738875,1.8386415593575,0.0758866845669025
"Mean_veg_herb71",0.0705448201829351,0.149634563686502,0.471447361123951,0.640731987381482
"(Intercept)72",2.27328537744172,0.182843980123187,12.4329243757992,2.28988153553987e-13
"share_impervious_10072",0.0237942534579273,0.228581474816654,0.104095283648916,0.917786547227115
"mean_UHI_10072",0.0508447857569375,0.240869460109031,0.211088552836554,0.834245538138129
"Mean_local_UHI_total72",-0.27184668067372,0.229849325759361,-1.18271689410274,0.24621028456504
"Mean_veg_height72",-0.31659649297934,0.237331615076007,-1.3339836451117,0.192248340083436
"Mean_veg_herb72",-0.145749657631915,0.186357754861594,-0.782096016021233,0.440287746063134
"(Intercept)73",-81.5613566578119,0.654416214472413,-124.632236876292,2.72578385712382e-42
"share_impervious_10073",13.8994473480961,0.481947019642902,28.8401977428865,1.96342089195845e-23
"mean_UHI_10073",23.7534592889758,0.445718312777698,53.2925361332928,2.8201715122411e-31
"Mean_local_UHI_total73",-33.6175673018599,0.478419234402929,-70.2680094871498,7.50969738113168e-35
"Mean_veg_height73",21.6550337888047,0.502620705615085,43.0842453302918,1.53407196792134e-28
"Mean_veg_herb73",-5.37313176426699,0.407054113008487,-13.2000429244034,4.97301463482268e-14
"(Intercept)74",-116.857690515808,0.939782152332911,-124.345509462721,2.92040954346282e-42
"share_impervious_10074",13.0453193389022,0.356775859587878,36.5644675454532,1.92644225241429e-26
"mean_UHI_10074",-22.6219753707143,0.320248056749141,-70.6389153469079,6.41845514898202e-35
"Mean_local_UHI_total74",2.79708091716991,0.374343534957886,7.47196266521493,2.50227148908578e-08
"Mean_veg_height74",71.9856169141209,0.672078172734059,107.108993915512,2.54284765511034e-40
"Mean_veg_herb74",-50.6716046043161,0.444592321354617,-113.973188852939,3.96223994706895e-41
"(Intercept)75",0.415506748513782,0.58360093893084,0.711970664877601,0.481983412184247
"share_impervious_10075",-0.334731820713998,0.600063646000504,-0.55782719540673,0.581101606769081
"mean_UHI_10075",0.117789127493885,0.627591418544071,0.187684413797659,0.852387738748198
"Mean_local_UHI_total75",-0.684069478096366,0.605466969534301,-1.12982129912474,0.267504418899306
"Mean_veg_height75",0.0584731730251466,0.591044175710513,0.0989319841530527,0.921850386611992
"Mean_veg_herb75",-0.331703483758367,0.523575838414044,-0.633534742097965,0.531185247300348
"(Intercept)76",0.847353444412979,0.613116348833299,1.38204346699515,0.177163184535271
"share_impervious_10076",-0.0459067555603823,0.44776002735806,-0.102525354554867,0.91902194597609
"mean_UHI_10076",-0.608548612729965,0.518092756916492,-1.17459394018908,0.249396797069491
"Mean_local_UHI_total76",-1.14737991157379,0.501395749244871,-2.28837183662168,0.02933252050267
"Mean_veg_height76",0.0651134843449543,0.380417431006261,0.171163251307174,0.865244676636131
"Mean_veg_herb76",0.0426004287218941,0.4527995006534,0.0940823226625045,0.925669328777631
"(Intercept)77",-1.95580642150759,1.01856808583291,-1.92015285842014,0.0643907179590955
"share_impervious_10077",-1.87746969357303,1.22072103805167,-1.53800060378214,0.134530233696303
"mean_UHI_10077",0.772376554423683,0.946569830847479,0.81597419361249,0.420946799644812
"Mean_local_UHI_total77",0.920801086333898,0.919142571500419,1.00180441520707,0.324450512669318
"Mean_veg_height77",0.699160345351489,0.797355978535871,0.876848439307257,0.387536795516597
"Mean_veg_herb77",0.160476020998706,0.86242689487533,0.186074926410898,0.85363850817745
"(Intercept)78",0.0753215767878444,0.443858724473549,0.169697186592833,0.866387450401553
"share_impervious_10078",0.655658259576261,0.341832667862238,1.91806787711845,0.0646648372669551
"mean_UHI_10078",-0.733522795084448,0.470564516906582,-1.55881450625838,0.129528466668547
"Mean_local_UHI_total78",-0.54796307113117,0.33041620279209,-1.65840254352166,0.107657478652541
"Mean_veg_height78",0.724078453699821,0.421612675852021,1.7174020022917,0.0962138570466225
"Mean_veg_herb78",-0.615951445176616,0.300872139298607,-2.04721994735878,0.0494818851933627
"(Intercept)79",-203.458789430607,1.74145584122042,-116.832586055138,1.88714456647041e-41
"share_impervious_10079",-3.72737810095687,0.661041756793728,-5.63864243468657,3.84264459656862e-06
"mean_UHI_10079",-89.4271752592676,0.95187574068275,-93.9483710291055,1.2837733176538e-38
"Mean_local_UHI_total79",-81.3253365198147,0.756877696343255,-107.448451596244,2.31311666184108e-40
"Mean_veg_height79",32.6837663907718,0.40224678332106,81.2530211451927,9.83518161082445e-37
"Mean_veg_herb79",-51.6234154813565,0.503652496140029,-102.498083255808,9.48663502318232e-40
"(Intercept)80",-1.67234395979669,0.85396437975605,-1.95832987820221,0.0595467744194025
"share_impervious_10080",0.51275195348991,0.901428114033104,0.568821790121225,0.57371120442141
"mean_UHI_10080",-0.509562777968232,1.09017696624505,-0.467412900607637,0.643581961675632
"Mean_local_UHI_total80",0.171665759458213,0.873410010227022,0.196546590316262,0.845507809252735
"Mean_veg_height80",-0.0548257318809133,0.987461952740204,-0.0555218676818606,0.956090836498963
"Mean_veg_herb80",-0.530598257601839,0.628616988129098,-0.844072412330147,0.405309666657435
"(Intercept)81",-69.4233621725546,0.535920555610589,-129.540398191032,8.57335320230962e-43
"share_impervious_10081",-10.3307586981707,0.230120139089364,-44.8928926388269,4.54990734420023e-29
"mean_UHI_10081",18.4935048793544,0.23430857954705,78.92798853164,2.34061755840568e-36
"Mean_local_UHI_total81",-33.8884837772362,0.307159371866292,-110.328666097116,1.04807955166629e-40
"Mean_veg_height81",-31.4300917871962,0.328248608600338,-95.7508759023077,7.27244839438069e-39
"Mean_veg_herb81",-11.7511323858916,0.177602588131816,-66.1653217416514,4.51406700815425e-34
"(Intercept)82",-47.5732083574389,0.367623907211817,-129.407275816881,8.84145045661282e-43
"share_impervious_10082",11.2733457831073,0.985875156266506,11.4348614136898,1.84441631416434e-12
"mean_UHI_10082",-7.98723778188764,0.484162496754045,-16.4970187394444,1.3627886115634e-16
"Mean_local_UHI_total82",17.5632977330989,0.661034888423319,26.569396019309,2.10121155331908e-22
"Mean_veg_height82",8.92712831360492,0.281308005540409,31.7343557160963,1.21740116691157e-24
"Mean_veg_herb82",-9.6180355768054,0.522283371867895,-18.4153585866758,6.70168662046755e-18
"(Intercept)83",-0.266745545479101,0.476540634316136,-0.559754040412309,0.579803032563453
"share_impervious_10083",0.424096205490933,0.512947250994175,0.826783269954105,0.414887782943191
"mean_UHI_10083",0.156589334841989,0.561462750869974,0.278895322261997,0.782238738971268
"Mean_local_UHI_total83",1.13837279056233,0.486901972319903,2.33799174223595,0.0262470398487816
"Mean_veg_height83",0.695879601553966,0.390788989263132,1.78070421806436,0.0850906250282283
"Mean_veg_herb83",-0.522714906455884,0.323199802860127,-1.6173119594448,0.116279130259793
"(Intercept)84",-1955.08003851607,19.9561910606716,-97.9685969417793,3.66672259624532e-39
"share_impervious_10084",-1101.09615300585,11.2744018292426,-97.6633767079266,4.02540447216302e-39
"mean_UHI_10084",-98.0068476536035,1.06178499931913,-92.3038540914128,2.17671935663988e-38
"Mean_local_UHI_total84",179.387715372006,1.84923127405594,97.0066415643909,4.92548164059303e-39
"Mean_veg_height84",-315.483009532338,3.2532147651668,-96.9757708314601,4.97259170888934e-39
"Mean_veg_herb84",1771.31957631471,18.0829723528342,97.9551116792525,3.68185064637456e-39
